#transcript_id	protein_id
NM_020630.6	NP_065681.1
NM_001355216.1	NP_001342145.1
NM_004333.4	NP_004324.2
NM_001354609.1	NP_001341538.1
NM_004333.5	NP_004324.2
NM_005228.3	NP_005219.2
NM_201282.1	NP_958439.1
NM_201283.1	NP_958440.1
NM_201284.1	NP_958441.1
NM_001346897.1	NP_001333826.1
NM_001346898.1	NP_001333827.1
NM_001346899.1	NP_001333828.1
NM_001346900.1	NP_001333829.1
NM_001346941.1	NP_001333870.1
NM_005228.4	NP_005219.2
NM_000927.4	NP_000918.2
NM_001348944.1	NP_001335873.1
NM_001348945.1	NP_001335874.1
NM_001348946.1	NP_001335875.1
NM_001198934.1	NP_001185863.1
NM_033450.2	NP_258261.2
NM_001350518.1	NP_001337447.1
NM_001144070.1	NP_001137542.1
NM_003786.3	NP_003777.2
NM_001257386.1	NP_001244315.1
NM_004827.2	NP_004818.2
NM_001348986.1	NP_001335915.1
NM_001348989.1	NP_001335918.1
NM_005157.5	NP_005148.2
NM_007313.2	NP_009297.2
NM_001136000.2	NP_001129472.1
NM_001136001.1	NP_001129473.1
NM_001168236.1	NP_001161708.1
NM_001168237.1	NP_001161709.1
NM_001168238.1	NP_001161710.1
NM_001168239.1	NP_001161711.1
NM_005158.4	NP_005149.4
NM_007314.3	NP_009298.1
NM_001100.3	NP_001091.1
NM_001101.3	NP_001092.1
NM_001101.4	NP_001092.1
NM_004301.4	NP_004292.1
NM_177989.3	NP_817126.1
NM_178042.3	NP_829888.1
NM_001105.4	NP_001096.1
NM_001111067.2	NP_001104537.1
NM_001347667.1	NP_001334596.1
NM_001129.4	NP_001120.3
NM_006408.3	NP_006399.1
NM_006303.3	NP_006294.2
NM_001326606.1	NP_001313535.1
NM_001326607.1	NP_001313536.1
NM_001326609.1	NP_001313538.1
NM_001326610.1	NP_001313539.1
NM_001326611.2	NP_001313540.1
NM_001362785.1	NP_001349714.1
NM_001362787.1	NP_001349716.1
NM_001014431.1	NP_001014431.1
NM_001014432.1	NP_001014432.1
NM_001243027.2	NP_001229956.1
NM_001243028.2	NP_001229957.1
NM_001626.5	NP_001617.1
NM_001206729.1	NP_001193658.1
NM_005465.4	NP_005456.1
NM_005465.5	NP_005456.1
NM_001243280.1	NP_001230209.1
NM_001243281.1	NP_001230210.1
NM_001243283.1	NP_001230212.1
NM_001627.3	NP_001618.2
NM_001206897.1	NP_001193826.1
NM_003888.3	NP_003879.2
NM_170696.2	NP_733797.1
NM_170697.2	NP_733798.1
NM_004304.4	NP_004295.2
NM_001353765.1	NP_001340694.1
NM_000038.5	NP_000029.2
NM_001127510.2	NP_001120982.1
NM_001127511.2	NP_001120983.2
NM_001354895.1	NP_001341824.1
NM_001354896.1	NP_001341825.1
NM_001354897.1	NP_001341826.1
NM_001354898.1	NP_001341827.1
NM_001354899.1	NP_001341828.1
NM_001354900.1	NP_001341829.1
NM_001354901.1	NP_001341830.1
NM_001354902.1	NP_001341831.1
NM_001354903.1	NP_001341832.1
NM_001354904.1	NP_001341833.1
NM_001354905.1	NP_001341834.1
NM_001354906.1	NP_001341835.1
NM_000044.3	NP_000035.2
NM_001011645.2	NP_001011645.1
NM_000044.4	NP_000035.2
NM_001256196.1	NP_001243125.1
NM_001256197.1	NP_001243126.1
NM_001654.4	NP_001645.1
NM_001657.3	NP_001648.1
NM_004491.4	NP_004482.4
NM_006015.4	NP_006006.3
NM_139135.2	NP_624361.1
NM_006015.5	NP_006006.3
NM_139135.3	NP_624361.1
NM_017519.2	NP_059989.2
NM_020732.3	NP_065783.3
NM_001346813.1	NP_001333742.1
NM_001363725.1	NP_001350654.1
NM_152641.2	NP_689854.2
NM_001347839.1	NP_001334768.1
NM_152641.3	NP_689854.2
NM_004316.3	NP_004307.2
NM_001178075.1	NP_001171546.1
NM_001178076.1	NP_001171547.1
NM_001673.4	NP_001664.3
NM_183356.3	NP_899199.2
NM_001352496.1	NP_001339425.1
NM_054012.3	NP_446464.1
NM_015338.5	NP_056153.2
NM_001277783.1	NP_001264712.1
NM_004707.3	NP_004698.3
NM_001136031.2	NP_001129503.2
NM_001144912.1	NP_001138384.1
NM_006395.2	NP_006386.1
NM_001349232.1	NP_001336161.1
NM_001349233.1	NP_001336162.1
NM_001349234.1	NP_001336163.1
NM_001349235.1	NP_001336164.1
NM_001349236.1	NP_001336165.1
NM_001349237.1	NP_001336166.1
NM_001349238.1	NP_001336167.1
NM_000051.3	NP_000042.3
NM_001351834.1	NP_001338763.1
NM_001351835.1	NP_001338764.1
NM_001351836.1	NP_001338765.1
NM_000053.3	NP_000044.2
NM_001005918.2	NP_001005918.1
NM_001243182.1	NP_001230111.1
NM_001330578.1	NP_001317507.1
NM_001330579.1	NP_001317508.1
NM_001184.3	NP_001175.2
NM_001354579.1	NP_001341508.1
NM_000489.4	NP_000480.3
NM_138270.3	NP_612114.2
NM_000489.5	NP_000480.3
NM_138270.4	NP_612114.2
NM_001137675.3	NP_001131147.1
NM_000333.3	NP_000324.1
NM_001128149.2	NP_001121621.2
NM_003600.2	NP_003591.2
NM_198433.1	NP_940835.1
NM_198434.1	NP_940836.1
NM_198435.1	NP_940837.1
NM_198436.1	NP_940838.1
NM_198437.1	NP_940839.1
NM_001323303.1	NP_001310232.1
NM_001323304.1	NP_001310233.1
NM_001323305.1	NP_001310234.1
NM_003600.3	NP_003591.2
NM_198433.2	NP_940835.1
NM_198434.2	NP_940836.1
NM_198435.2	NP_940837.1
NM_198436.2	NP_940838.1
NM_198437.2	NP_940839.1
NM_001256834.1	NP_001243763.1
NM_001256834.2	NP_001243763.1
NM_001284526.1	NP_001271455.1
NM_001313950.1	NP_001300879.1
NM_001313952.1	NP_001300881.1
NM_001313953.1	NP_001300882.1
NM_001313954.1	NP_001300883.1
NM_001313955.1	NP_001300884.1
NM_004217.3	NP_004208.2
NM_001313953.2	NP_001300882.1
NM_004655.3	NP_004646.3
NM_001278599.1	NP_001265528.1
NM_001699.5	NP_001690.2
NM_021913.4	NP_068713.2
NM_004048.2	NP_004039.1
NM_004048.3	NP_004039.1
NM_001497.3	NP_001488.2
NM_001170794.1	NP_001164265.1
NM_021813.3	NP_068585.1
NM_004656.3	NP_004647.1
NM_000465.3	NP_000456.2
NM_001282543.1	NP_001269472.1
NM_001282545.1	NP_001269474.1
NM_001282548.1	NP_001269477.1
NM_001282549.1	NP_001269478.1
NM_001291428.1	NP_001278357.1
NM_001291429.1	NP_001278358.1
NM_001291430.1	NP_001278359.1
NM_001291431.1	NP_001278360.1
NM_004324.3	NP_004315.1
NM_138761.3	NP_620116.1
NM_138763.3	NP_620118.1
NM_138764.4	NP_620119.2
NM_003921.4	NP_003912.1
NM_001320715.1	NP_001307644.1
NM_018014.3	NP_060484.2
NM_022893.3	NP_075044.2
NM_138559.1	NP_612569.1
NM_000633.2	NP_000624.2
NM_000657.2	NP_000648.2
NM_001204106.1	NP_001191035.1
NM_001204109.1	NP_001191038.1
NM_001204110.1	NP_001191039.1
NM_001204111.1	NP_001191040.1
NM_001204112.1	NP_001191041.1
NM_006538.4	NP_006529.1
NM_138621.4	NP_619527.1
NM_138622.3	NP_619528.1
NM_138623.3	NP_619529.1
NM_138624.3	NP_619530.1
NM_138625.3	NP_619531.1
NM_138626.3	NP_619532.1
NM_138627.3	NP_619533.1
NM_207003.2	NP_996886.1
NM_001130845.1	NP_001124317.1
NM_001134738.1	NP_001128210.1
NM_001706.4	NP_001697.2
NM_001024808.2	NP_001019979.1
NM_020993.4	NP_066273.1
NM_001123383.1	NP_001116855.1
NM_001123384.1	NP_001116856.1
NM_001123385.1	NP_001116857.1
NM_017745.5	NP_060215.4
NM_001165.4	NP_001156.1
NM_182962.2	NP_892007.1
NM_001012270.1	NP_001012270.1
NM_001012271.1	NP_001012271.1
NM_001168.2	NP_001159.2
NM_016252.3	NP_057336.3
NM_022161.3	NP_071444.1
NM_139317.2	NP_647478.1
NM_001715.2	NP_001706.2
NM_001330465.1	NP_001317394.1
NM_001719.2	NP_001710.1
NM_007294.3	NP_009225.1
NM_007297.3	NP_009228.2
NM_007298.3	NP_009229.2
NM_007299.3	NP_009230.2
NM_007300.3	NP_009231.2
NM_000059.3	NP_000050.2
NM_014299.2	NP_055114.1
NM_058243.2	NP_490597.1
NM_001330384.1	NP_001317313.1
NM_032043.2	NP_114432.2
NM_001731.2	NP_001722.1
NM_006763.2	NP_006754.1
NM_000061.2	NP_000052.1
NM_001287344.1	NP_001274273.1
NM_001287345.1	NP_001274274.1
NM_004343.3	NP_004334.1
NM_032415.5	NP_115791.3
NM_001324281.1	NP_001311210.1
NM_001324281.2	NP_001311210.1
NM_032415.6	NP_115791.3
NM_001080124.1	NP_001073593.1
NM_001080125.1	NP_001073594.1
NM_001228.4	NP_001219.2
NM_033355.3	NP_203519.1
NM_033356.3	NP_203520.1
NM_033358.3	NP_203522.1
NM_033358.4	NP_203522.1
NM_005188.3	NP_005179.2
NM_170662.3	NP_733762.2
NM_001321788.1	NP_001308717.1
NM_001321790.1	NP_001308719.1
NM_001321791.1	NP_001308720.1
NM_001321793.1	NP_001308722.1
NM_001321794.1	NP_001308723.1
NM_001321795.1	NP_001308724.1
NM_001321796.1	NP_001308725.1
NM_001321797.1	NP_001308726.1
NM_001321798.1	NP_001308727.1
NM_001321799.1	NP_001308728.1
NM_001321806.1	NP_001308735.1
NM_001321807.1	NP_001308736.1
NM_001321808.1	NP_001308737.1
NM_001321811.1	NP_001308740.1
NM_001321816.1	NP_001308745.1
NM_001321820.1	NP_001308749.1
NM_001321822.1	NP_001308751.1
NM_012116.3	NP_036248.3
NM_001901.2	NP_001892.1
NM_001901.3	NP_001892.1
NM_053056.2	NP_444284.1
NM_001759.3	NP_001750.1
NM_001136125.2	NP_001129597.1
NM_001136126.2	NP_001129598.1
NM_001287427.1	NP_001274356.1
NM_001287434.1	NP_001274363.1
NM_001760.4	NP_001751.1
NM_001238.2	NP_001229.1
NM_001238.3	NP_001229.1
NM_001322259.1	NP_001309188.1
NM_001322261.1	NP_001309190.1
NM_001322262.1	NP_001309191.1
NM_057749.2	NP_477097.1
NM_001178098.1	NP_001171569.1
NM_001770.5	NP_001761.3
NM_001267706.1	NP_001254635.1
NM_001314029.1	NP_001300958.1
NM_014143.3	NP_054862.1
NM_000610.3	NP_000601.3
NM_001001389.1	NP_001001389.1
NM_001001390.1	NP_001001390.1
NM_001001391.1	NP_001001391.1
NM_001001392.1	NP_001001392.1
NM_001202555.1	NP_001189484.1
NM_001202556.1	NP_001189485.1
NM_001202557.1	NP_001189486.1
NM_001144822.1	NP_001138294.1
NM_001779.2	NP_001770.1
NM_001252.4	NP_001243.1
NM_001330332.1	NP_001317261.1
NM_000626.2	NP_000617.1
NM_001039933.1	NP_001035022.1
NM_021602.2	NP_067613.1
NM_000626.3	NP_000617.1
NM_001039933.2	NP_001035022.1
NM_001329050.1	NP_001315979.1
NM_021602.3	NP_067613.1
NM_005191.3	NP_005182.1
NM_001040280.1	NP_001035370.1
NM_004233.3	NP_004224.1
NM_001040280.2	NP_001035370.1
NM_004360.3	NP_004351.1
NM_001317184.1	NP_001304113.1
NM_001317185.1	NP_001304114.1
NM_001317186.1	NP_001304115.1
NM_004360.4	NP_004351.1
NM_015083.2	NP_055898.1
NM_016507.3	NP_057591.2
NM_015083.3	NP_055898.1
NM_001290230.1	NP_001277159.1
NM_001798.4	NP_001789.2
NM_052827.3	NP_439892.2
NM_000075.3	NP_000066.1
NM_001164410.2	NP_001157882.1
NM_004935.3	NP_004926.1
NM_001145306.1	NP_001138778.1
NM_001259.6	NP_001250.1
NM_001259.7	NP_001250.1
NM_001261.3	NP_001252.1
NM_000389.4	NP_000380.1
NM_001220777.1	NP_001207706.1
NM_001220778.1	NP_001207707.1
NM_001291549.1	NP_001278478.1
NM_078467.2	NP_510867.1
NM_004064.4	NP_004055.1
NM_000077.4	NP_000068.1
NM_001195132.1	NP_001182061.1
NM_058195.3	NP_478102.2
NM_058197.4	NP_478104.2
NM_001363763.1	NP_001350692.1
NM_004936.3	NP_004927.2
NM_001265.4	NP_001256.3
NM_001265.5	NP_001256.3
NM_001354700.1	NP_001341629.1
NM_001024912.2	NP_001020083.1
NM_001184813.1	NP_001171742.1
NM_001184815.1	NP_001171744.1
NM_001184816.1	NP_001171745.1
NM_001205344.1	NP_001192273.1
NM_001712.4	NP_001703.2
NM_001285829.1	NP_001272758.1
NM_001287424.1	NP_001274353.1
NM_001287435.1	NP_001274364.1
NM_004364.4	NP_004355.2
NM_001127183.2	NP_001120655.1
NM_001127184.2	NP_001120656.1
NM_001202516.1	NP_001189445.1
NM_001202517.1	NP_001189446.1
NM_001202518.1	NP_001189447.1
NM_001202519.1	NP_001189448.1
NM_001308042.1	NP_001294971.1
NM_001308043.1	NP_001294972.1
NM_003879.5	NP_003870.4
NM_001127183.3	NP_001120655.1
NM_001127184.3	NP_001120656.1
NM_001202516.2	NP_001189445.1
NM_001202517.2	NP_001189446.1
NM_001202519.2	NP_001189448.1
NM_001308042.2	NP_001294971.1
NM_001351590.1	NP_001338519.1
NM_001351591.1	NP_001338520.1
NM_001351592.1	NP_001338521.1
NM_001351593.1	NP_001338522.1
NM_001351594.1	NP_001338523.1
NM_003879.6	NP_003870.4
NM_001170629.1	NP_001164100.1
NM_020920.3	NP_065971.2
NM_001114122.2	NP_001107594.1
NM_001330427.1	NP_001317356.1
NM_001005735.1	NP_001005735.1
NM_001257387.1	NP_001244316.1
NM_007194.3	NP_009125.1
NM_145862.2	NP_665861.1
NM_001349956.1	NP_001336885.1
NM_001005735.2	NP_001005735.1
NM_001257387.2	NP_001244316.1
NM_001349956.2	NP_001336885.1
NM_001304815.1	NP_001291744.1
NM_015125.4	NP_055940.3
NM_000246.3	NP_000237.2
NM_001286403.1	NP_001273332.1
NM_020890.2	NP_065941.2
NM_001002026.2	NP_001002026.1
NM_016369.3	NP_057453.1
NM_016302.3	NP_057386.2
NM_004380.2	NP_004371.2
NM_005207.3	NP_005198.1
NM_001012288.2	NP_001012288.2
NM_022148.3	NP_071431.2
NM_000757.5	NP_000748.3
NM_172210.2	NP_757349.1
NM_172211.3	NP_757350.1
NM_172212.2	NP_757351.1
NM_001288705.1	NP_001275634.1
NM_005211.3	NP_005202.2
NM_001288705.2	NP_001275634.1
NM_001349736.1	NP_001336665.1
NM_000395.2	NP_000386.1
NM_000760.3	NP_000751.1
NM_172313.2	NP_758519.1
NM_001327.2	NP_001318.1
NM_020994.4	NP_066274.2
NM_172377.4	NP_758965.2
NM_001191022.1	NP_001177951.1
NM_006565.3	NP_006556.1
NM_001363916.1	NP_001350845.1
NM_001037631.2	NP_001032720.1
NM_005214.4	NP_005205.2
NM_001098209.1	NP_001091679.1
NM_001098210.1	NP_001091680.1
NM_001904.3	NP_001895.1
NM_001330729.1	NP_001317658.1
NM_001257197.1	NP_001244126.1
NM_001257198.1	NP_001244127.1
NM_003590.4	NP_003581.1
NM_001168370.1	NP_001161842.1
NM_014780.4	NP_055595.2
NM_001304392.1	NP_001291321.1
NM_002996.4	NP_002987.1
NM_001304392.2	NP_001291321.1
NM_002996.5	NP_002987.1
NM_001565.3	NP_001556.2
NM_001008540.1	NP_001008540.1
NM_003467.2	NP_003458.1
NM_001348056.1	NP_001334985.1
NM_001348059.1	NP_001334988.1
NM_001348060.1	NP_001334989.1
NM_000106.5	NP_000097.3
NM_001025161.2	NP_001020332.2
NM_001308465.1	NP_001295394.1
NM_001308467.1	NP_001295396.1
NM_001308468.1	NP_001295397.1
NM_001308469.1	NP_001295398.1
NM_001308470.1	NP_001295399.1
NM_001308471.1	NP_001295400.1
NM_001308476.1	NP_001295405.1
NM_020377.2	NP_065110.1
NM_020377.3	NP_065110.1
NM_001308465.2	NP_001295394.1
NM_001308467.2	NP_001295396.1
NM_001308468.2	NP_001295397.1
NM_001308469.2	NP_001295398.1
NM_001308470.2	NP_001295399.1
NM_001308471.2	NP_001295400.1
NM_001308476.2	NP_001295405.1
NM_020377.4	NP_065110.1
NM_018959.3	NP_061832.2
NM_170711.2	NP_733829.1
NM_001352033.1	NP_001338962.1
NM_001352034.1	NP_001338963.1
NM_001352035.1	NP_001338964.1
NM_005215.3	NP_005206.2
NM_001014796.1	NP_001014796.1
NM_006182.2	NP_006173.2
NM_001014796.2	NP_001014796.1
NM_001354982.1	NP_001341911.1
NM_001354983.1	NP_001341912.1
NM_006182.3	NP_006173.2
NM_001193416.2	NP_001180345.1
NM_001193417.2	NP_001180346.1
NM_001356.4	NP_001347.3
NM_016222.2	NP_057306.2
NM_001321732.1	NP_001308661.1
NM_001321830.1	NP_001308759.1
NM_016222.3	NP_057306.2
NM_018665.2	NP_061135.2
NM_004084.3	NP_004075.1
NM_001271282.2	NP_001258211.1
NM_001291628.1	NP_001278557.1
NM_177438.2	NP_803187.1
NM_001395685.1	NP_001382614.1
NM_012242.2	NP_036374.1
NM_012242.3	NP_036374.1
NM_016941.3	NP_058637.1
NM_203486.2	NP_982353.1
NM_001130823.1	NP_001124295.1
NM_001379.2	NP_001370.1
NM_001130823.2	NP_001124295.1
NM_001318730.1	NP_001305659.1
NM_001318731.1	NP_001305660.1
NM_001379.3	NP_001370.1
NM_022552.4	NP_072046.2
NM_001320892.1	NP_001307821.1
NM_000110.3	NP_000101.2
NM_000798.4	NP_000789.1
NM_001100412.1	NP_001093882.1
NM_013235.4	NP_037367.3
NM_004416.2	NP_004407.2
NM_004418.3	NP_004409.1
NM_001946.3	NP_001937.2
NM_022652.3	NP_073143.2
NM_001290360.1	NP_001277289.1
NM_024007.3	NP_076870.1
NM_182708.1	NP_874367.1
NM_001290360.2	NP_001277289.1
NM_001324101.1	NP_001311030.1
NM_001324103.1	NP_001311032.1
NM_001324106.1	NP_001311035.1
NM_001324107.1	NP_001311036.1
NM_001324108.1	NP_001311037.1
NM_001324109.1	NP_001311038.1
NM_001324111.1	NP_001311040.1
NM_001364155.1	NP_001351084.1
NM_001364156.1	NP_001351085.1
NM_001364157.1	NP_001351086.1
NM_001364158.1	NP_001351087.1
NM_001364159.1	NP_001351088.1
NM_024007.4	NP_076870.1
NM_182708.2	NP_874367.1
NM_001077693.3	NP_001071161.1
NM_001293739.1	NP_001280668.1
NM_001178130.1	NP_001171601.1
NM_001178131.1	NP_001171602.1
NM_001963.4	NP_001954.2
NM_001178130.2	NP_001171601.1
NM_001178131.2	NP_001171602.1
NM_001357021.1	NP_001343950.1
NM_001963.5	NP_001954.2
NM_001412.3	NP_001403.1
NM_001204510.1	NP_001191439.1
NM_001416.3	NP_001407.1
NM_004095.3	NP_004086.1
NM_001300942.1	NP_001287871.1
NM_001300943.1	NP_001287872.1
NM_001300944.1	NP_001287873.1
NM_020193.4	NP_064578.2
NM_001429.3	NP_001420.2
NM_001362843.1	NP_001349772.1
NM_001430.4	NP_001421.2
NM_002354.2	NP_002345.2
NM_004431.3	NP_004422.2
NM_001329090.1	NP_001316019.1
NM_004431.4	NP_004422.2
NM_001309192.1	NP_001296121.1
NM_001309193.1	NP_001296122.1
NM_004442.6	NP_004433.2
NM_017449.3	NP_059145.2
NM_017449.4	NP_059145.2
NM_004444.4	NP_004435.3
NM_000121.3	NP_000112.1
NM_001005862.2	NP_001005862.1
NM_001289936.1	NP_001276865.1
NM_001289937.1	NP_001276866.1
NM_001289938.1	NP_001276867.1
NM_004448.3	NP_004439.2
NM_001982.3	NP_001973.2
NM_001042599.1	NP_001036064.1
NM_005235.2	NP_005226.1
NM_001166049.1	NP_001159521.1
NM_001983.3	NP_001974.1
NM_202001.2	NP_973730.1
NM_000400.3	NP_000391.1
NM_001130867.1	NP_001124339.1
NM_000122.1	NP_000113.1
NM_001303416.1	NP_001290345.1
NM_001303418.1	NP_001290347.1
NM_005236.2	NP_005227.1
NM_000123.3	NP_000114.2
NM_000124.3	NP_000115.1
NM_001346440.1	NP_001333369.1
NM_001432.2	NP_001423.1
NM_182918.3	NP_891548.1
NM_001331025.1	NP_001317954.1
NM_018948.3	NP_061821.1
NM_000125.3	NP_000116.2
NM_001122740.1	NP_001116212.1
NM_001122741.1	NP_001116213.1
NM_001122742.1	NP_001116214.1
NM_001291230.1	NP_001278159.1
NM_001291241.1	NP_001278170.1
NM_001328100.1	NP_001315029.1
NM_001291712.1	NP_001278641.1
NM_001437.2	NP_001428.1
NM_001143820.1	NP_001137292.1
NM_001162422.1	NP_001155894.1
NM_005238.3	NP_005229.1
NM_001330451.1	NP_001317380.1
NM_001256295.1	NP_001243224.1
NM_005239.5	NP_005230.1
NM_001163147.1	NP_001156619.1
NM_001163148.1	NP_001156620.1
NM_001163149.1	NP_001156621.1
NM_001163150.1	NP_001156622.1
NM_001163151.1	NP_001156623.1
NM_001163152.1	NP_001156624.1
NM_004956.4	NP_004947.2
NM_001079675.2	NP_001073143.1
NM_001261437.1	NP_001248366.1
NM_001261438.1	NP_001248367.1
NM_001261439.1	NP_001248368.1
NM_001986.2	NP_001977.1
NM_001079675.3	NP_001073143.1
NM_004454.2	NP_004445.1
NM_001987.4	NP_001978.1
NM_001163285.1	NP_001156757.1
NM_001163286.1	NP_001156758.1
NM_001163287.1	NP_001156759.1
NM_005243.3	NP_005234.1
NM_013986.3	NP_053733.2
NM_001203247.1	NP_001190176.1
NM_001203248.1	NP_001190177.1
NM_001203249.1	NP_001190178.1
NM_004456.4	NP_004447.2
NM_152998.2	NP_694543.1
NM_001146310.1	NP_001139782.1
NM_001256945.1	NP_001243874.1
NM_001256946.1	NP_001243875.1
NM_001256947.1	NP_001243876.1
NM_001282670.1	NP_001269599.1
NM_001282671.1	NP_001269600.1
NM_001282672.1	NP_001269601.1
NM_001282673.1	NP_001269602.1
NM_182533.2	NP_872339.2
NM_182533.3	NP_872339.2
NM_000135.2	NP_000126.2
NM_001018112.1	NP_001018122.1
NM_001286167.1	NP_001273096.1
NM_000135.3	NP_000126.2
NM_001018112.2	NP_001018122.1
NM_001286167.2	NP_001273096.1
NM_001351830.1	NP_001338759.1
NM_000136.2	NP_000127.2
NM_001243743.1	NP_001230672.1
NM_001243744.1	NP_001230673.1
NM_001114636.1	NP_001108108.1
NM_018062.3	NP_060532.2
NM_000043.4	NP_000034.1
NM_152871.2	NP_690610.1
NM_152872.2	NP_690611.1
NM_000043.5	NP_000034.1
NM_001320619.1	NP_001307548.1
NM_152871.3	NP_690610.1
NM_152872.3	NP_690611.1
NM_005245.3	NP_005236.2
NM_001190274.1	NP_001177203.1
NM_012300.2	NP_036432.2
NM_033644.2	NP_387448.2
NM_033645.2	NP_387449.2
NM_001013415.1	NP_001013433.1
NM_018315.4	NP_060785.2
NM_001136219.1	NP_001129691.1
NM_021642.3	NP_067674.2
NM_001002273.2	NP_001002273.1
NM_001002274.2	NP_001002274.1
NM_001002275.2	NP_001002275.1
NM_001190828.1	NP_001177757.1
NM_004001.4	NP_003992.3
NM_000569.6	NP_000560.5
NM_001127592.1	NP_001121064.1
NM_001127595.1	NP_001121067.1
NM_001127596.1	NP_001121068.1
NM_000569.7	NP_000560.6
NM_001329120.1	NP_001316049.1
NM_001139498.1	NP_001132970.1
NM_001139500.1	NP_001132972.1
NM_001139501.1	NP_001132973.1
NM_001139502.1	NP_001132974.1
NM_004114.3	NP_004105.1
NM_033642.2	NP_378668.1
NM_004114.4	NP_004105.1
NM_005117.2	NP_005108.1
NM_002006.4	NP_001997.5
NM_001361665.1	NP_001348594.1
NM_002006.5	NP_001997.5
NM_005247.2	NP_005238.1
NM_005247.3	NP_005238.1
NM_001174063.1	NP_001167534.1
NM_001174064.1	NP_001167535.1
NM_001174065.1	NP_001167536.1
NM_001174066.1	NP_001167537.1
NM_001174067.1	NP_001167538.1
NM_015850.3	NP_056934.2
NM_023105.2	NP_075593.1
NM_023106.2	NP_075594.1
NM_023110.2	NP_075598.2
NM_001354367.1	NP_001341296.1
NM_001354368.1	NP_001341297.1
NM_001354369.1	NP_001341298.1
NM_001354370.1	NP_001341299.1
NM_000141.4	NP_000132.3
NM_001144915.1	NP_001138387.1
NM_001144916.1	NP_001138388.1
NM_001144917.1	NP_001138389.1
NM_001144918.1	NP_001138390.1
NM_001144919.1	NP_001138391.1
NM_022970.3	NP_075259.4
NM_023029.2	NP_075418.1
NM_001320654.1	NP_001307583.1
NM_001320658.1	NP_001307587.1
NM_000142.4	NP_000133.1
NM_001163213.1	NP_001156685.1
NM_022965.3	NP_075254.1
NM_001354809.1	NP_001341738.1
NM_001354810.1	NP_001341739.1
NM_001291980.1	NP_001278909.1
NM_002011.4	NP_002002.3
NM_213647.2	NP_998812.1
NM_001354984.1	NP_001341913.1
NM_000143.3	NP_000134.2
NM_001166243.1	NP_001159715.1
NM_002012.2	NP_002003.1
NM_001166243.2	NP_001159715.1
NM_001320899.1	NP_001307828.1
NM_001320900.1	NP_001307829.1
NM_001320901.1	NP_001307830.1
NM_001354589.1	NP_001341518.1
NM_001354590.1	NP_001341519.1
NM_002012.3	NP_002003.1
NM_144606.5	NP_653207.1
NM_144997.5	NP_659434.2
NM_001353229.1	NP_001340158.1
NM_001353230.1	NP_001340159.1
NM_001353231.1	NP_001340160.1
NM_144606.6	NP_653207.1
NM_144997.6	NP_659434.2
NM_004119.2	NP_004110.2
NM_001204502.1	NP_001191431.1
NM_001204503.1	NP_001191432.1
NM_001278637.1	NP_001265566.1
NM_001278638.1	NP_001265567.1
NM_001459.3	NP_001450.2
NM_002020.4	NP_002011.2
NM_182925.4	NP_891555.2
NM_001354989.1	NP_001341918.1
NM_001306129.1	NP_001293058.1
NM_001306130.1	NP_001293059.1
NM_001306131.1	NP_001293060.1
NM_001306132.1	NP_001293061.1
NM_002026.2	NP_002017.1
NM_054034.2	NP_473375.2
NM_212474.1	NP_997639.1
NM_212476.1	NP_997641.1
NM_212478.1	NP_997643.1
NM_212482.1	NP_997647.1
NM_001365517.1	NP_001352446.1
NM_001365518.1	NP_001352447.1
NM_001365519.1	NP_001352448.1
NM_001365520.1	NP_001352449.1
NM_001365521.1	NP_001352450.1
NM_001365522.1	NP_001352451.1
NM_001365523.1	NP_001352452.1
NM_001365524.1	NP_001352453.1
NM_002026.3	NP_002017.1
NM_212474.2	NP_997639.1
NM_212476.2	NP_997641.1
NM_212478.2	NP_997643.1
NM_212482.2	NP_997647.1
NM_212482.3	NP_997647.1
NM_002028.3	NP_002019.1
NM_005252.3	NP_005243.1
NM_001114171.1	NP_001107643.1
NM_006732.2	NP_006723.2
NM_004496.3	NP_004487.2
NM_004496.4	NP_004487.2
NM_005251.2	NP_005242.1
NM_001451.2	NP_001442.2
NM_023067.3	NP_075555.1
NM_002015.3	NP_002006.2
NM_001012505.1	NP_001012523.1
NM_001244808.1	NP_001231737.1
NM_001244810.1	NP_001231739.1
NM_001244812.1	NP_001231741.1
NM_001244813.1	NP_001231742.1
NM_001244814.1	NP_001231743.1
NM_001244815.1	NP_001231744.1
NM_001244816.1	NP_001231745.1
NM_032682.5	NP_116071.2
NM_001349337.1	NP_001336266.1
NM_001349338.1	NP_001336267.1
NM_001349340.1	NP_001336269.1
NM_001349341.1	NP_001336270.1
NM_001349342.1	NP_001336271.1
NM_001349343.1	NP_001336272.1
NM_001349344.1	NP_001336273.1
NM_001244808.2	NP_001231737.1
NM_001244812.2	NP_001231741.1
NM_001244813.2	NP_001231742.1
NM_001244814.2	NP_001231743.1
NM_001349338.2	NP_001336267.1
NM_001349340.2	NP_001336269.1
NM_001349341.2	NP_001336270.1
NM_001349342.2	NP_001336271.1
NM_001349343.2	NP_001336272.1
NM_001349344.2	NP_001336273.1
NM_001114377.1	NP_001107849.1
NM_014009.3	NP_054728.2
NM_198451.3	NP_940853.1
NM_001303433.1	NP_001290362.1
NM_003902.4	NP_003893.2
NM_001199741.1	NP_001186670.1
NM_001199742.1	NP_001186671.1
NM_001924.3	NP_001915.1
NM_001253826.1	NP_001240755.1
NM_001253827.1	NP_001240756.1
NM_024572.3	NP_078848.2
NM_001329095.1	NP_001316024.1
NM_001329096.1	NP_001316025.1
NM_001329097.1	NP_001316026.1
NM_000820.3	NP_000811.1
NM_002049.3	NP_002040.1
NM_001145661.1	NP_001139133.1
NM_032638.4	NP_116027.2
NM_001002295.1	NP_001002295.1
NM_002051.2	NP_002042.1
NM_002067.4	NP_002058.2
NM_001282425.1	NP_001269354.1
NM_006572.5	NP_006563.2
NM_001166425.1	NP_001159897.1
NM_001282617.1	NP_001269546.1
NM_001282618.1	NP_001269547.1
NM_001282619.1	NP_001269548.1
NM_001282620.1	NP_001269549.1
NM_002070.3	NP_002061.1
NM_002072.4	NP_002063.2
NM_000516.4	NP_000507.1
NM_000516.5	NP_000507.1
NM_001077488.2	NP_001070956.1
NM_001077488.3	NP_001070956.1
NM_001077489.2	NP_001070957.1
NM_001077489.3	NP_001070957.1
NM_001077490.1	NP_001070958.1
NM_001077490.2	NP_001070958.1
NM_001309840.1	NP_001296769.1
NM_001309842.1	NP_001296771.1
NM_001309861.1	NP_001296790.1
NM_016592.2	NP_057676.1
NM_016592.3	NP_057676.1
NM_080425.2	NP_536350.2
NM_080425.3	NP_536350.2
NM_080426.2	NP_536351.1
NM_080426.3	NP_536351.1
NM_000516.6	NP_000507.1
NM_001077488.4	NP_001070956.1
NM_016592.4	NP_057676.1
NM_012203.1	NP_036335.1
NM_000852.3	NP_000843.1
NM_005319.3	NP_005310.1
NM_005320.2	NP_005311.1
NM_005322.2	NP_005313.1
NM_003512.3	NP_003503.1
NM_001312653.1	NP_001299582.1
NM_021063.3	NP_066407.1
NM_002107.4	NP_002098.1
NM_002107.5	NP_002098.1
NM_005324.4	NP_005315.1
NM_021059.2	NP_066403.2
NM_003537.3	NP_003528.1
NM_032782.4	NP_116171.3
NM_000518.4	NP_000509.1
NM_001527.3	NP_001518.3
NM_006044.2	NP_006035.2
NM_001321225.1	NP_001308154.1
NM_001321226.1	NP_001308155.1
NM_001321227.1	NP_001308156.1
NM_001321228.1	NP_001308157.1
NM_001321230.1	NP_001308159.1
NM_001321231.1	NP_001308160.1
NM_006044.3	NP_006035.2
NM_001204144.1	NP_001191073.1
NM_001204145.1	NP_001191074.1
NM_001204146.1	NP_001191075.1
NM_001204147.1	NP_001191076.1
NM_001204148.1	NP_001191077.1
NM_014707.1	NP_055522.1
NM_014707.2	NP_055522.1
NM_178423.1	NP_848510.1
NM_178425.2	NP_848512.1
NM_001204144.2	NP_001191073.1
NM_001204145.2	NP_001191074.1
NM_001204147.2	NP_001191076.1
NM_001204148.2	NP_001191077.1
NM_001321868.1	NP_001308797.1
NM_001321869.1	NP_001308798.1
NM_001321870.1	NP_001308799.1
NM_001321871.1	NP_001308800.1
NM_001321872.1	NP_001308801.1
NM_001321873.1	NP_001308802.1
NM_001321874.1	NP_001308803.1
NM_001321875.1	NP_001308804.1
NM_001321876.1	NP_001308805.1
NM_001321877.1	NP_001308806.1
NM_001321878.1	NP_001308807.1
NM_001321879.1	NP_001308808.1
NM_001321884.1	NP_001308813.1
NM_001321885.1	NP_001308814.1
NM_001321886.1	NP_001308815.1
NM_001321887.1	NP_001308816.1
NM_001321888.1	NP_001308817.1
NM_001321889.1	NP_001308818.1
NM_001321890.1	NP_001308819.1
NM_001321891.1	NP_001308820.1
NM_001321893.1	NP_001308822.1
NM_001321894.1	NP_001308823.1
NM_001321895.1	NP_001308824.1
NM_001321896.1	NP_001308825.1
NM_001321897.1	NP_001308826.1
NM_001321898.1	NP_001308827.1
NM_001321899.1	NP_001308828.1
NM_001321900.1	NP_001308829.1
NM_001321901.1	NP_001308830.1
NM_001321902.1	NP_001308831.1
NM_014707.3	NP_055522.1
NM_178423.2	NP_848510.1
NM_178425.3	NP_848512.1
NM_000601.4	NP_000592.3
NM_001010931.1	NP_001010931.1
NM_001010931.2	NP_001010931.1
NM_001010932.1	NP_001010932.1
NM_001010933.1	NP_001010933.1
NM_001010933.2	NP_001010933.1
NM_001010934.1	NP_001010934.1
NM_001010934.2	NP_001010934.1
NM_000601.5	NP_000592.3
NM_001010932.2	NP_001010932.1
NM_001243084.1	NP_001230013.1
NM_001530.3	NP_001521.1
NM_181054.2	NP_851397.1
NM_002116.7	NP_002107.3
NM_005514.6	NP_005505.2
NM_005514.7	NP_005505.2
NM_002117.5	NP_002108.4
NM_019111.4	NP_061984.2
NM_002133.2	NP_002124.1
NM_001257293.1	NP_001244222.1
NM_005520.2	NP_005511.1
NM_001363572.1	NP_001350501.1
NM_001364225.1	NP_001351154.1
NM_001364226.1	NP_001351155.1
NM_001364227.1	NP_001351156.1
NM_001364228.1	NP_001351157.1
NM_001364229.1	NP_001351158.1
NM_001364230.1	NP_001351159.1
NM_001364231.1	NP_001351160.1
NM_001364232.1	NP_001351161.1
NM_001364233.1	NP_001351162.1
NM_001364234.1	NP_001351163.1
NM_001364235.1	NP_001351164.1
NM_001364236.1	NP_001351165.1
NM_001364237.1	NP_001351166.1
NM_001364238.1	NP_001351167.1
NM_001364239.1	NP_001351168.1
NM_001364240.1	NP_001351169.1
NM_001364241.1	NP_001351170.1
NM_001364242.1	NP_001351171.1
NM_001364243.1	NP_001351172.1
NM_001364244.1	NP_001351173.1
NM_001364245.1	NP_001351174.1
NM_001364246.1	NP_001351175.1
NM_001364247.1	NP_001351176.1
NM_001364248.1	NP_001351177.1
NM_001364250.1	NP_001351179.1
NM_001364251.1	NP_001351180.1
NM_001364252.1	NP_001351181.1
NM_001364253.1	NP_001351182.1
NM_001364254.1	NP_001351183.1
NM_001364255.1	NP_001351184.1
NM_031844.2	NP_114032.2
NM_006361.5	NP_006352.2
NM_017409.3	NP_059105.2
NM_001199746.1	NP_001186675.1
NM_001199747.1	NP_001186676.1
NM_019558.3	NP_062458.1
NM_001130442.1	NP_001123914.1
NM_005343.2	NP_005334.1
NM_176795.3	NP_789765.1
NM_001130442.2	NP_001123914.1
NM_001318054.1	NP_001304983.1
NM_005343.3	NP_005334.1
NM_176795.4	NP_789765.1
NM_003299.2	NP_003290.1
NM_005347.4	NP_005338.1
NM_001540.3	NP_001531.1
NM_001540.4	NP_001531.1
NM_001286503.1	NP_001273432.1
NM_006644.3	NP_006635.2
NM_001349704.1	NP_001336633.1
NM_001040107.1	NP_001035196.1
NM_001256413.1	NP_001243342.1
NM_032369.3	NP_115745.2
NM_002167.4	NP_002158.3
NM_005896.3	NP_005887.2
NM_001290114.1	NP_001277043.1
NM_002168.3	NP_002159.2
NM_000416.2	NP_000407.1
NM_000875.4	NP_000866.1
NM_001291858.1	NP_001278787.1
NM_000612.5	NP_000603.1
NM_001007139.5	NP_001007140.2
NM_001127598.2	NP_001121070.1
NM_001291861.2	NP_001278790.1
NM_001291862.2	NP_001278791.1
NM_001220765.2	NP_001207694.1
NM_001291837.1	NP_001278766.1
NM_001291838.1	NP_001278767.1
NM_001291839.1	NP_001278768.1
NM_001291845.1	NP_001278774.1
NM_001291846.1	NP_001278775.1
NM_001291847.1	NP_001278776.1
NM_006060.5	NP_006051.1
NM_001199640.1	NP_001186569.1
NM_001199641.1	NP_001186570.1
NM_001314044.1	NP_001300973.1
NM_001314045.1	NP_001300974.1
NM_001314046.1	NP_001300975.1
NM_001314047.1	NP_001300976.1
NM_001314048.1	NP_001300977.1
NM_033439.3	NP_254274.1
NM_001353802.1	NP_001340731.1
NM_000418.3	NP_000409.1
NM_001257406.1	NP_001244335.1
NM_001257407.1	NP_001244336.1
NM_001257997.1	NP_001244926.1
NM_000600.3	NP_000591.1
NM_000600.4	NP_000591.1
NM_001318095.1	NP_001305024.1
NM_002185.3	NP_002176.2
NM_002185.4	NP_002176.2
NM_001195286.1	NP_001182215.1
NM_002460.3	NP_002451.2
NM_002163.2	NP_002154.1
NM_002163.3	NP_002154.1
NM_003749.2	NP_003740.2
NM_002221.3	NP_002212.3
NM_002227.2	NP_002218.2
NM_001320923.1	NP_001307852.1
NM_001321852.1	NP_001308781.1
NM_001321853.1	NP_001308782.1
NM_001321854.1	NP_001308783.1
NM_001321855.1	NP_001308784.1
NM_001321856.1	NP_001308785.1
NM_001321857.1	NP_001308786.1
NM_002227.3	NP_002218.2
NM_004972.3	NP_004963.1
NM_001322194.1	NP_001309123.1
NM_001322195.1	NP_001309124.1
NM_001322196.1	NP_001309125.1
NM_001322198.1	NP_001309127.1
NM_001322199.1	NP_001309128.1
NM_001322204.1	NP_001309133.1
NM_000215.3	NP_000206.2
NM_002228.3	NP_002219.1
NM_001146702.1	NP_001140174.1
NM_001282622.1	NP_001269551.1
NM_004187.3	NP_004178.2
NM_001353978.1	NP_001340907.1
NM_001353979.1	NP_001340908.1
NM_001353981.1	NP_001340910.1
NM_001353982.1	NP_001340911.1
NM_001353984.1	NP_001340913.1
NM_001146705.1	NP_001140177.1
NM_001146706.1	NP_001140178.1
NM_004653.4	NP_004644.2
NM_001291415.1	NP_001278344.1
NM_001291416.1	NP_001278345.1
NM_001291417.1	NP_001278346.1
NM_001291418.1	NP_001278347.1
NM_001291421.1	NP_001278350.1
NM_021140.3	NP_066963.2
NM_002253.2	NP_002244.1
NM_002253.3	NP_002244.1
NM_012289.3	NP_036421.2
NM_203500.1	NP_987096.1
NM_001281301.1	NP_001268230.1
NM_004856.6	NP_004847.2
NM_138555.3	NP_612565.1
NM_001367804.1	NP_001354733.1
NM_001367805.1	NP_001354734.1
NM_001367805.2	NP_001354734.1
NM_000222.2	NP_000213.1
NM_001093772.1	NP_001087241.1
NM_016270.2	NP_057354.1
NM_016270.3	NP_057354.1
NM_001314052.1	NP_001300981.1
NM_004235.4	NP_004226.3
NM_004235.5	NP_004226.3
NM_001286818.1	NP_001273747.1
NM_001730.4	NP_001721.2
NM_020805.1	NP_065856.1
NM_020805.2	NP_065856.1
NM_130446.2	NP_569713.2
NM_130446.3	NP_569713.2
NM_001126049.1	NP_001119521.1
NM_001197104.1	NP_001184033.1
NM_005933.3	NP_005924.2
NM_014727.2	NP_055542.1
NM_170606.2	NP_733751.2
NM_003482.3	NP_003473.3
NM_004985.4	NP_004976.2
NM_033360.3	NP_203524.1
NM_000224.2	NP_000215.1
NM_199187.1	NP_954657.1
NM_002286.5	NP_002277.4
NM_001198687.1	NP_001185616.1
NM_001198689.1	NP_001185618.1
NM_002303.5	NP_002294.2
NM_001277226.1	NP_001264155.1
NM_001277227.1	NP_001264156.1
NM_003667.3	NP_003658.1
NM_018557.2	NP_061027.2
NM_002341.1	NP_002332.1
NM_001111097.2	NP_001104567.1
NM_002350.3	NP_002341.1
NM_006767.3	NP_006758.2
NM_014061.4	NP_054780.2
NM_002755.3	NP_002746.1
NM_030662.3	NP_109587.1
NM_001281435.1	NP_001268364.1
NM_003010.3	NP_003001.1
NM_001297555.1	NP_001284484.1
NM_001297556.1	NP_001284485.1
NM_145185.3	NP_660186.1
NM_005921.1	NP_005912.1
NM_002745.4	NP_002736.3
NM_001276270.1	NP_001263199.1
NM_001276271.1	NP_001263200.1
NM_001276272.1	NP_001263201.1
NM_001276273.1	NP_001263202.1
NM_003925.2	NP_003916.1
NM_001197320.1	NP_001184249.1
NM_021960.4	NP_068779.1
NM_182763.2	NP_877495.1
NM_001145337.2	NP_001138809.1
NM_001145340.2	NP_001138812.1
NM_001278462.1	NP_001265391.1
NM_002392.5	NP_002383.2
NM_001204171.1	NP_001191100.1
NM_001204172.1	NP_001191101.1
NM_001278516.1	NP_001265445.1
NM_001278517.1	NP_001265446.1
NM_001278518.1	NP_001265447.1
NM_001278519.1	NP_001265448.1
NM_002393.4	NP_002384.2
NM_001105077.3	NP_001098547.3
NM_001105078.3	NP_001098548.2
NM_001163999.1	NP_001157471.1
NM_001164000.1	NP_001157472.1
NM_001205194.1	NP_001192123.1
NM_004991.3	NP_004982.2
NM_005241.3	NP_005232.2
NM_001366466.1	NP_001353395.1
NM_001366467.1	NP_001353396.1
NM_001366468.1	NP_001353397.1
NM_001366469.1	NP_001353398.1
NM_001366470.1	NP_001353399.1
NM_001366471.1	NP_001353400.1
NM_001366472.1	NP_001353401.1
NM_001366473.1	NP_001353402.1
NM_001366474.1	NP_001353403.1
NM_001145785.1	NP_001139257.1
NM_001193349.1	NP_001180278.1
NM_001193350.1	NP_001180279.1
NM_001308002.1	NP_001294931.1
NM_002397.4	NP_002388.2
NM_001193349.2	NP_001180278.1
NM_001308002.2	NP_001294931.1
NM_001363581.1	NP_001350510.1
NM_001364329.1	NP_001351258.1
NM_001364330.1	NP_001351259.1
NM_001364331.1	NP_001351260.1
NM_001364332.1	NP_001351261.1
NM_001364333.1	NP_001351262.1
NM_001364334.1	NP_001351263.1
NM_001364335.1	NP_001351264.1
NM_001364336.1	NP_001351265.1
NM_001364337.1	NP_001351266.1
NM_001364338.1	NP_001351267.1
NM_001364339.1	NP_001351268.1
NM_001364340.1	NP_001351269.1
NM_001364341.1	NP_001351270.1
NM_001364342.1	NP_001351271.1
NM_001364343.1	NP_001351272.1
NM_001364344.1	NP_001351273.1
NM_001364345.1	NP_001351274.1
NM_001364346.1	NP_001351275.1
NM_001364347.1	NP_001351276.1
NM_001364348.1	NP_001351277.1
NM_001364349.1	NP_001351278.1
NM_001364350.1	NP_001351279.1
NM_001364352.1	NP_001351281.1
NM_001364353.1	NP_001351282.1
NM_001364354.1	NP_001351283.1
NM_001364355.1	NP_001351284.1
NM_001364356.1	NP_001351285.1
NM_001364357.1	NP_001351286.1
NM_001271629.1	NP_001258558.1
NM_005920.3	NP_005911.1
NM_000244.3	NP_000235.2
NM_130799.2	NP_570711.1
NM_130800.2	NP_570712.1
NM_130801.2	NP_570713.1
NM_130802.2	NP_570714.1
NM_130803.2	NP_570715.1
NM_130804.2	NP_570716.1
NM_001370251.1	NP_001357180.1
NM_001370260.1	NP_001357189.1
NM_001370261.1	NP_001357190.1
NM_001370262.1	NP_001357191.1
NM_001370263.1	NP_001357192.1
NM_006343.2	NP_006334.2
NM_000245.2	NP_000236.2
NM_001127500.1	NP_001120972.1
NM_000245.3	NP_000236.2
NM_001127500.2	NP_001120972.1
NM_001324401.1	NP_001311330.1
NM_001324402.1	NP_001311331.1
NM_001324401.2	NP_001311330.1
NM_001080541.2	NP_001074010.2
NM_001164273.1	NP_001157745.1
NM_002412.3	NP_002403.2
NM_002412.4	NP_002403.2
NM_000248.3	NP_000239.1
NM_001184967.1	NP_001171896.1
NM_001184968.1	NP_001171897.1
NM_006722.2	NP_006713.1
NM_198158.2	NP_937801.1
NM_198159.2	NP_937802.1
NM_198177.2	NP_937820.1
NM_198178.2	NP_937821.2
NM_001354604.1	NP_001341533.1
NM_001354605.1	NP_001341534.1
NM_001354606.1	NP_001341535.1
NM_001354607.1	NP_001341536.1
NM_001354608.1	NP_001341537.1
NM_001145966.1	NP_001139438.1
NM_002417.4	NP_002408.3
NM_000249.3	NP_000240.1
NM_001167617.1	NP_001161089.1
NM_001167618.1	NP_001161090.1
NM_001167619.1	NP_001161091.1
NM_001258271.1	NP_001245200.1
NM_001258273.1	NP_001245202.1
NM_001258274.1	NP_001245203.1
NM_001167617.2	NP_001161089.1
NM_001167618.2	NP_001161090.1
NM_001167619.2	NP_001161091.1
NM_001258274.2	NP_001245203.1
NM_001354615.1	NP_001341544.1
NM_001354616.1	NP_001341545.1
NM_001354617.1	NP_001341546.1
NM_001354618.1	NP_001341547.1
NM_001354619.1	NP_001341548.1
NM_001354620.1	NP_001341549.1
NM_001354621.1	NP_001341550.1
NM_001354622.1	NP_001341551.1
NM_001354623.1	NP_001341552.1
NM_001354624.1	NP_001341553.1
NM_001354625.1	NP_001341554.1
NM_001354626.1	NP_001341555.1
NM_001354627.1	NP_001341556.1
NM_001354628.1	NP_001341557.1
NM_001354629.1	NP_001341558.1
NM_001354630.1	NP_001341559.1
NM_001145938.1	NP_001139410.1
NM_002421.3	NP_002412.1
NM_001127891.2	NP_001121363.1
NM_001302509.1	NP_001289438.1
NM_001302510.1	NP_001289439.1
NM_004530.5	NP_004521.1
NM_004994.2	NP_004985.2
NM_002430.2	NP_002421.3
NM_001039396.1	NP_001034485.1
NM_005373.2	NP_005364.1
NM_005590.3	NP_005581.2
NM_005591.3	NP_005582.1
NM_001330347.1	NP_001317276.1
NM_021950.3	NP_068769.2
NM_152866.2	NP_690605.1
NM_000251.2	NP_000242.1
NM_002439.4	NP_002430.3
NM_000179.2	NP_000170.1
NM_001281492.1	NP_001268421.1
NM_001281493.1	NP_001268422.1
NM_001281494.1	NP_001268423.1
NM_002451.3	NP_002442.2
NM_005957.4	NP_005948.3
NM_001330358.1	NP_001317287.1
NM_004958.3	NP_004949.1
NM_025128.4	NP_079404.3
NM_001350283.1	NP_001337212.1
NM_001130172.1	NP_001123644.1
NM_001130173.1	NP_001123645.1
NM_001161656.1	NP_001155128.1
NM_001161657.1	NP_001155129.1
NM_001161658.1	NP_001155130.1
NM_001161659.1	NP_001155131.1
NM_001161660.1	NP_001155132.1
NM_005375.2	NP_005366.2
NM_005375.3	NP_005366.2
NM_001080416.3	NP_001073885.1
NM_001144755.2	NP_001138227.1
NM_001294282.1	NP_001281211.1
NM_002467.4	NP_002458.2
NM_002467.5	NP_002458.2
NM_001033081.2	NP_001028253.1
NM_001033082.2	NP_001028254.2
NM_005376.4	NP_005367.2
NM_001293228.1	NP_001280157.1
NM_001293231.1	NP_001280160.1
NM_001293233.1	NP_001280162.1
NM_005378.5	NP_005369.2
NM_001172566.1	NP_001166037.1
NM_001172567.1	NP_001166038.1
NM_001172568.1	NP_001166039.1
NM_001172569.1	NP_001166040.1
NM_002468.4	NP_002459.2
NM_001172569.2	NP_001166040.2
NM_001374788.1	NP_001361717.1
NM_002478.4	NP_002469.2
NM_001286829.1	NP_001273758.1
NM_145201.5	NP_660202.3
NM_001024688.2	NP_001019859.1
NM_002485.4	NP_002476.2
NM_001174087.1	NP_001167558.1
NM_001174088.1	NP_001167559.1
NM_006534.3	NP_006525.2
NM_181659.2	NP_858045.1
NM_030916.2	NP_112178.2
NM_001142393.1	NP_001135865.1
NM_001271033.1	NP_001257962.1
NM_006403.3	NP_006394.1
NM_182966.3	NP_892011.2
NM_000267.3	NP_000258.1
NM_001042492.2	NP_001035957.1
NM_001128147.2	NP_001121619.1
NM_000268.3	NP_000259.1
NM_181825.2	NP_861546.1
NM_181828.2	NP_861966.1
NM_181829.2	NP_861967.1
NM_181830.2	NP_861968.1
NM_181831.2	NP_861969.1
NM_181832.2	NP_861970.1
NM_181833.2	NP_861971.1
NM_001145412.2	NP_001138884.1
NM_001145413.2	NP_001138885.1
NM_001313902.1	NP_001300831.1
NM_001313903.1	NP_001300832.1
NM_006164.4	NP_006155.2
NM_020529.2	NP_065390.1
NM_004556.2	NP_004547.2
NM_001005474.2	NP_001005474.1
NM_031419.3	NP_113607.1
NM_024654.4	NP_078930.3
NM_017617.3	NP_060087.3
NM_001200001.1	NP_001186930.1
NM_024408.3	NP_077719.2
NM_000435.2	NP_000426.2
NM_001037738.2	NP_001032827.1
NM_002520.6	NP_002511.1
NM_199185.3	NP_954654.1
NM_001355006.1	NP_001341935.1
NM_001355007.1	NP_001341936.1
NM_001355009.1	NP_001341938.1
NM_001355010.1	NP_001341939.1
NM_014293.3	NP_055108.2
NM_000903.2	NP_000894.1
NM_001025433.1	NP_001020604.1
NM_001025434.1	NP_001020605.1
NM_001286137.1	NP_001273066.1
NM_001145155.1	NP_001138627.1
NM_001145157.1	NP_001138629.1
NM_021005.3	NP_066285.1
NM_006186.3	NP_006177.1
NM_173173.2	NP_775265.1
NM_006981.3	NP_008912.2
NM_173199.2	NP_775291.1
NM_173200.2	NP_775292.1
NM_173199.3	NP_775291.1
NM_002524.4	NP_002515.1
NM_001159995.1	NP_001153467.1
NM_001159996.1	NP_001153468.1
NM_001159999.1	NP_001153471.1
NM_001160001.1	NP_001153473.1
NM_001160002.1	NP_001153474.1
NM_001160004.1	NP_001153476.1
NM_001160005.1	NP_001153477.1
NM_001160007.1	NP_001153479.1
NM_001160008.1	NP_001153480.1
NM_004495.3	NP_004486.2
NM_013956.3	NP_039250.2
NM_013957.3	NP_039251.2
NM_013958.3	NP_039252.2
NM_013959.3	NP_039253.1
NM_013960.3	NP_039254.1
NM_013962.2	NP_039256.2
NM_013964.3	NP_039258.1
NM_001159995.2	NP_001153467.1
NM_001159996.2	NP_001153468.1
NM_001159999.2	NP_001153471.1
NM_001160001.2	NP_001153473.1
NM_001160004.2	NP_001153476.1
NM_001322197.1	NP_001309126.1
NM_001322201.1	NP_001309130.1
NM_001322202.1	NP_001309131.1
NM_001322205.1	NP_001309134.1
NM_001322206.1	NP_001309135.1
NM_001322207.1	NP_001309136.1
NM_013956.4	NP_039250.2
NM_013957.4	NP_039251.2
NM_013960.4	NP_039254.1
NM_013964.4	NP_039258.1
NM_001042424.2	NP_001035889.1
NM_007331.1	NP_015627.1
NM_133330.2	NP_579877.1
NM_133331.2	NP_579878.1
NM_133334.2	NP_579889.1
NM_133335.3	NP_579890.1
NM_001134373.2	NP_001127845.1
NM_012229.4	NP_036361.1
NM_001351169.1	NP_001338098.1
NM_001351170.1	NP_001338099.1
NM_001351171.1	NP_001338100.1
NM_001351172.1	NP_001338101.1
NM_001351173.1	NP_001338102.1
NM_001351175.1	NP_001338104.1
NM_001351176.1	NP_001338105.1
NM_001351177.1	NP_001338106.1
NM_001351178.1	NP_001338107.1
NM_001351179.1	NP_001338108.1
NM_001351180.1	NP_001338109.1
NM_001351181.1	NP_001338110.1
NM_001351182.1	NP_001338111.1
NM_001351183.1	NP_001338112.1
NM_001351184.1	NP_001338113.1
NM_001351185.1	NP_001338114.1
NM_001351186.1	NP_001338115.1
NM_001351187.1	NP_001338116.1
NM_001351188.1	NP_001338117.1
NM_001351189.1	NP_001338118.1
NM_001351190.1	NP_001338119.1
NM_001351194.1	NP_001338123.1
NM_001351195.1	NP_001338124.1
NM_001351196.1	NP_001338125.1
NM_001351197.1	NP_001338126.1
NM_001204813.1	NP_001191742.1
NM_002526.3	NP_002517.1
NM_001012331.1	NP_001012331.1
NM_002529.3	NP_002520.2
NM_001007097.2	NP_001007098.1
NM_001018064.2	NP_001018074.1
NM_001018066.2	NP_001018076.1
NM_001291937.1	NP_001278866.1
NM_006180.4	NP_006171.2
NM_006180.5	NP_006171.2
NM_001007156.2	NP_001007157.1
NM_001012338.2	NP_001012338.1
NM_001243101.1	NP_001230030.1
NM_002530.3	NP_002521.2
NM_001320135.1	NP_001307064.1
NM_001304745.1	NP_001291674.1
NM_018283.2	NP_060753.1
NM_018283.3	NP_060753.1
NM_001190818.1	NP_001177747.1
NM_001190819.1	NP_001177748.1
NM_004153.3	NP_004144.2
NM_001174060.1	NP_001167531.1
NM_017784.4	NP_060254.2
NM_021220.3	NP_067043.2
NM_178129.4	NP_835230.1
NM_024675.3	NP_078951.2
NM_020318.2	NP_064714.2
NM_021936.2	NP_068755.2
NM_001618.3	NP_001609.2
NM_001280547.1	NP_001267476.1
NM_001280548.1	NP_001267477.1
NM_001280549.1	NP_001267478.1
NM_001280550.1	NP_001267479.1
NM_001280551.1	NP_001267480.1
NM_001280552.1	NP_001267481.1
NM_001280553.1	NP_001267482.1
NM_001280554.1	NP_001267483.1
NM_001280555.1	NP_001267484.1
NM_001280556.1	NP_001267485.1
NM_016734.2	NP_057953.1
NM_003466.3	NP_003457.1
NM_013952.3	NP_039246.1
NM_013953.3	NP_039247.1
NM_013992.3	NP_054698.1
NM_001278945.1	NP_001265874.1
NM_018492.3	NP_060962.2
NM_001363040.1	NP_001349969.1
NM_001033083.1	NP_001028255.1
NM_022129.3	NP_071412.2
NM_018313.4	NP_060783.3
NM_001350074.1	NP_001337003.1
NM_001350075.1	NP_001337004.1
NM_001350076.1	NP_001337005.1
NM_001350077.1	NP_001337006.1
NM_001350078.1	NP_001337007.1
NM_001350079.1	NP_001337008.1
NM_001366070.1	NP_001352999.1
NM_001366071.1	NP_001353000.1
NM_001366072.1	NP_001353001.1
NM_001366073.1	NP_001353002.1
NM_001366074.1	NP_001353003.1
NM_001366075.1	NP_001353004.1
NM_001366076.1	NP_001353005.1
NM_181042.4	NP_851385.1
NM_006196.3	NP_006187.2
NM_182649.1	NP_872590.1
NM_025239.3	NP_079515.2
NM_001199492.1	NP_001186421.1
NM_014456.4	NP_055271.2
NM_145341.3	NP_663314.1
NM_002608.2	NP_002599.1
NM_002608.3	NP_002599.1
NM_033016.2	NP_148937.1
NM_006206.4	NP_006197.1
NM_001347827.1	NP_001334756.1
NM_001347828.1	NP_001334757.1
NM_001347829.1	NP_001334758.1
NM_001347830.1	NP_001334759.1
NM_006206.5	NP_006197.1
NM_002609.3	NP_002600.1
NM_001355016.1	NP_001341945.1
NM_001355017.1	NP_001341946.1
NM_001271162.1	NP_001258091.1
NM_006218.2	NP_006209.2
NM_006218.3	NP_006209.2
NM_001256045.1	NP_001242974.1
NM_006219.2	NP_006210.1
NM_001242466.1	NP_001229395.1
NM_181504.3	NP_852556.2
NM_181523.2	NP_852664.1
NM_181524.1	NP_852665.1
NM_005027.3	NP_005018.1
NM_001243186.1	NP_001230115.1
NM_002648.3	NP_002639.1
NM_006875.3	NP_006866.2
NM_002660.2	NP_002651.2
NM_182811.1	NP_877963.1
NM_002661.4	NP_002652.2
NM_005030.4	NP_005021.2
NM_005030.5	NP_005021.2
NM_002675.3	NP_002666.1
NM_033238.2	NP_150241.2
NM_033239.2	NP_150242.1
NM_033240.2	NP_150243.2
NM_033244.3	NP_150247.2
NM_033246.2	NP_150249.1
NM_033247.2	NP_150250.2
NM_033249.2	NP_150252.1
NM_033250.2	NP_150253.2
NM_000535.5	NP_000526.1
NM_000535.6	NP_000526.2
NM_001322003.1	NP_001308932.1
NM_001322004.1	NP_001308933.1
NM_001322005.1	NP_001308934.1
NM_001322006.1	NP_001308935.1
NM_001322007.1	NP_001308936.1
NM_001322008.1	NP_001308937.1
NM_001322009.1	NP_001308938.1
NM_001322010.1	NP_001308939.1
NM_001322011.1	NP_001308940.1
NM_001322012.1	NP_001308941.1
NM_001322013.1	NP_001308942.1
NM_001322014.1	NP_001308943.1
NM_001322015.1	NP_001308944.1
NM_002691.3	NP_002682.2
NM_006231.3	NP_006222.2
NM_019896.2	NP_063949.2
NM_019896.3	NP_063949.2
NM_001042594.1	NP_001036059.1
NM_015450.2	NP_056265.2
NM_006235.2	NP_006226.2
NM_001207025.2	NP_001193954.1
NM_001207026.1	NP_001193955.1
NM_001247994.1	NP_001234923.1
NM_002698.4	NP_002689.1
NM_001207025.3	NP_001193954.1
NM_001247994.2	NP_001234923.1
NM_002698.5	NP_002689.1
NM_001173531.2	NP_001167002.1
NM_001285986.1	NP_001272915.1
NM_002701.5	NP_002692.2
NM_203289.5	NP_976034.4
NM_014330.3	NP_055145.3
NM_014225.5	NP_055040.2
NM_001363656.1	NP_001350585.1
NM_001177591.1	NP_001171062.1
NM_002717.3	NP_002708.1
NM_001198.3	NP_001189.2
NM_182907.2	NP_878911.1
NM_024870.2	NP_079146.2
NM_025170.4	NP_079446.3
NM_024870.3	NP_079146.2
NM_025170.5	NP_079446.3
NM_006252.3	NP_006243.2
NM_001276289.1	NP_001263218.1
NM_001278433.1	NP_001265362.1
NM_002734.4	NP_002725.1
NM_212471.2	NP_997636.1
NM_002738.6	NP_002729.2
NM_212535.2	NP_997700.1
NM_001081640.1	NP_001075109.1
NM_006904.6	NP_008835.5
NM_004562.2	NP_004553.2
NM_013987.2	NP_054642.2
NM_013988.2	NP_054643.2
NM_001145847.1	NP_001139319.1
NM_001145848.1	NP_001139320.1
NM_001145849.1	NP_001139321.1
NM_001145850.1	NP_001139322.1
NM_001145851.1	NP_001139323.1
NM_001145852.1	NP_001139324.1
NM_006017.2	NP_006008.1
NM_001204402.1	NP_001191331.1
NM_002764.3	NP_002755.1
NM_004159.4	NP_004150.1
NM_148919.3	NP_683720.2
NM_002810.2	NP_002801.1
NM_001330692.1	NP_001317621.1
NM_000264.3	NP_000255.2
NM_001083602.1	NP_001077071.1
NM_001083603.1	NP_001077072.1
NM_001083604.1	NP_001077073.1
NM_001083605.1	NP_001077074.1
NM_001083606.1	NP_001077075.1
NM_001083607.1	NP_001077076.1
NM_000264.4	NP_000255.2
NM_001083602.2	NP_001077071.1
NM_001083603.2	NP_001077072.1
NM_001083604.2	NP_001077073.1
NM_001083605.2	NP_001077074.1
NM_001083606.2	NP_001077075.1
NM_001083607.2	NP_001077076.1
NM_001354918.1	NP_001341847.1
NM_001354919.1	NP_001341848.1
NM_000314.5	NP_000305.3
NM_000314.6	NP_000305.3
NM_001304717.2	NP_001291646.2
NM_001304718.1	NP_001291647.1
NM_000314.7	NP_000305.3
NM_000963.3	NP_000954.1
NM_007079.3	NP_009010.2
NM_032611.2	NP_116000.1
NM_002834.3	NP_002825.3
NM_080601.1	NP_542168.1
NM_001330437.1	NP_001317366.1
NM_002834.4	NP_002825.3
NM_080601.2	NP_542168.1
NM_001131008.1	NP_001124480.1
NM_001131009.1	NP_001124481.1
NM_002835.3	NP_002826.3
NM_002831.5	NP_002822.2
NM_080548.4	NP_536858.1
NM_080549.3	NP_536859.1
NM_001109754.2	NP_001103224.1
NM_001206971.1	NP_001193900.1
NM_001206972.1	NP_001193901.1
NM_002837.4	NP_002828.3
NM_001109754.3	NP_001103224.1
NM_001206971.2	NP_001193900.1
NM_001206972.2	NP_001193901.1
NM_001330204.1	NP_001317133.1
NM_002837.5	NP_002828.3
NM_001171025.1	NP_001164496.1
NM_002839.3	NP_002830.1
NM_130391.3	NP_569075.2
NM_002840.3	NP_002831.2
NM_130440.2	NP_569707.2
NM_001329137.1	NP_001316066.1
NM_001329138.1	NP_001316067.1
NM_001329139.1	NP_001316068.1
NM_001329140.1	NP_001316069.1
NM_002840.4	NP_002831.2
NM_130440.3	NP_569707.2
NM_007050.5	NP_008981.4
NM_133170.3	NP_573400.3
NM_004219.3	NP_004210.1
NM_144651.4	NP_653252.3
NM_173825.3	NP_776186.2
NM_173825.4	NP_776186.2
NM_006908.4	NP_008839.2
NM_018890.3	NP_061485.1
NM_001244724.1	NP_001231653.1
NM_002874.4	NP_002865.1
NM_005732.3	NP_005723.2
NM_002877.5	NP_002868.1
NM_133509.3	NP_598193.2
NM_133510.3	NP_598194.1
NM_001321809.1	NP_001308738.1
NM_001321810.1	NP_001308739.1
NM_001321814.1	NP_001308743.1
NM_001321817.1	NP_001308746.1
NM_001321818.1	NP_001308747.1
NM_001321821.1	NP_001308750.1
NM_133509.4	NP_598193.2
NM_002876.3	NP_002867.1
NM_058216.2	NP_478123.1
NM_001142571.1	NP_001136043.1
NM_002878.3	NP_002869.3
NM_133629.2	NP_598332.1
NM_001142548.1	NP_001136020.1
NM_003579.3	NP_003570.2
NM_002880.3	NP_002871.1
NM_001354689.1	NP_001341618.1
NM_001354690.1	NP_001341619.1
NM_001354691.1	NP_001341620.1
NM_001354692.1	NP_001341621.1
NM_001354693.1	NP_001341622.1
NM_001354694.1	NP_001341623.1
NM_001354695.1	NP_001341624.1
NM_001354690.2	NP_001341619.1
NM_001354691.2	NP_001341620.1
NM_001354692.2	NP_001341621.1
NM_001354693.2	NP_001341622.1
NM_001354694.2	NP_001341623.1
NM_001354695.2	NP_001341624.1
NM_002890.2	NP_002881.1
NM_022650.2	NP_072179.1
NM_000321.2	NP_000312.2
NM_001291746.1	NP_001278675.1
NM_002908.3	NP_002899.1
NM_020630.4	NP_065681.1
NM_020975.4	NP_066124.1
NM_020630.5	NP_065681.1
NM_020975.5	NP_066124.1
NM_022841.5	NP_073752.5
NM_005614.3	NP_005605.1
NM_001313941.1	NP_001300870.1
NM_001313943.1	NP_001300872.1
NM_001313944.1	NP_001300873.1
NM_001313945.1	NP_001300874.1
NM_001313946.1	NP_001300875.1
NM_001313947.1	NP_001300876.1
NM_001664.2	NP_001655.1
NM_001664.3	NP_001655.1
NM_001285439.1	NP_001272368.1
NM_001285440.1	NP_001272369.1
NM_152756.4	NP_689969.2
NM_001256820.1	NP_001243749.1
NM_001256821.1	NP_001243750.1
NM_006912.5	NP_008843.1
NM_001301088.1	NP_001288017.1
NM_019055.5	NP_061928.4
NM_002944.2	NP_002935.2
NM_001010.2	NP_001001.2
NM_001102669.2	NP_001096139.1
NM_001177314.1	NP_001170785.1
NM_001177315.1	NP_001170786.1
NM_012250.5	NP_036382.2
NM_001033.3	NP_001024.1
NM_001033.4	NP_001024.1
NM_001034.3	NP_001025.1
NM_016578.3	NP_057662.3
NM_001001890.2	NP_001001890.1
NM_001122607.1	NP_001116079.1
NM_001754.4	NP_001745.2
NM_006272.2	NP_006263.1
NM_001400.4	NP_001391.2
NM_001320730.1	NP_001307659.1
NM_004230.3	NP_004221.3
NM_001177984.2	NP_001171455.1
NM_014191.3	NP_055006.1
NM_001330260.1	NP_001317189.1
NM_001294332.1	NP_001281261.1
NM_004168.3	NP_004159.2
NM_001330758.1	NP_001317687.1
NM_003000.2	NP_002991.2
NM_001130110.1	NP_001123582.1
NM_015559.2	NP_056374.2
NM_015048.1	NP_055863.1
NM_001353345.1	NP_001340274.1
NM_014159.6	NP_054878.5
NM_001349370.1	NP_001336299.1
NM_001349370.2	NP_001336299.1
NM_001005526.1	NP_001005526.1
NM_012433.2	NP_036565.2
NM_012433.3	NP_036565.2
NM_001143676.1	NP_001137148.1
NM_001143677.1	NP_001137149.1
NM_001143678.1	NP_001137150.1
NM_001291995.1	NP_001278924.1
NM_005627.3	NP_005618.2
NM_005475.2	NP_005466.1
NM_001145357.1	NP_001138829.1
NM_001145358.1	NP_001138830.1
NM_015477.2	NP_056292.1
NM_001142498.1	NP_001135970.1
NM_001314049.1	NP_001300978.1
NM_012238.4	NP_036370.2
NM_001046.2	NP_001037.1
NM_001256461.1	NP_001243390.1
NM_001078175.2	NP_001071643.1
NM_001078177.1	NP_001071645.1
NM_001304462.1	NP_001291391.1
NM_001304463.1	NP_001291392.1
NM_001304465.1	NP_001291394.1
NM_001304466.1	NP_001291395.1
NM_006446.4	NP_006437.3
NM_001104587.1	NP_001098057.1
NM_001104588.1	NP_001098058.1
NM_001104589.1	NP_001098059.1
NM_001104590.1	NP_001098060.1
NM_152270.3	NP_689483.3
NM_001376012.1	NP_001362941.1
NM_001003652.3	NP_001003652.1
NM_001135937.2	NP_001129409.1
NM_005901.5	NP_005892.1
NM_001145102.1	NP_001138574.1
NM_001145103.1	NP_001138575.1
NM_001145104.1	NP_001138576.1
NM_005902.3	NP_005893.1
NM_005359.5	NP_005350.1
NM_001289396.1	NP_001276325.1
NM_001289397.1	NP_001276326.1
NM_001289398.1	NP_001276327.1
NM_001289399.1	NP_001276328.1
NM_001289400.1	NP_001276329.1
NM_003070.4	NP_003061.3
NM_139045.3	NP_620614.2
NM_001128844.1	NP_001122316.1
NM_001128845.1	NP_001122317.1
NM_001128846.1	NP_001122318.1
NM_001128847.1	NP_001122319.1
NM_001128848.1	NP_001122320.1
NM_001128849.1	NP_001122321.1
NM_003072.3	NP_003063.2
NM_001007468.1	NP_001007469.1
NM_003073.3	NP_003064.2
NM_001007468.2	NP_001007469.1
NM_001317946.1	NP_001304875.1
NM_001362877.1	NP_001349806.1
NM_003073.4	NP_003064.2
NM_005631.4	NP_005622.1
NM_001242935.1	NP_001229864.1
NM_001242935.2	NP_001229864.1
NM_001308100.1	NP_001295029.1
NM_001308107.1	NP_001295036.1
NM_001308109.1	NP_001295038.1
NM_005460.2	NP_005451.2
NM_005460.3	NP_005451.2
NM_003745.1	NP_003736.1
NM_005633.3	NP_005624.2
NM_006941.3	NP_008872.1
NM_001005176.2	NP_001005176.1
NM_001278451.1	NP_001265380.1
NM_001278452.1	NP_001265381.1
NM_001278453.1	NP_001265382.1
NM_007237.4	NP_009168.4
NM_015001.2	NP_055816.2
NM_001142601.1	NP_001136073.1
NM_001142602.1	NP_001136074.1
NM_021972.3	NP_068807.2
NM_182965.2	NP_892010.2
NM_001355139.1	NP_001342068.1
NM_001007228.1	NP_001007229.1
NM_005842.2	NP_005833.1
NM_005842.3	NP_005833.1
NM_001195427.1	NP_001182356.1
NM_003016.4	NP_003007.2
NM_001053.3	NP_001044.1
NM_001172560.1	NP_001166031.1
NM_001042750.1	NP_001036215.1
NM_001042751.1	NP_001036216.1
NM_001282418.1	NP_001269347.1
NM_006603.4	NP_006594.3
NM_001282717.1	NP_001269646.1
NM_001282718.1	NP_001269647.1
NM_012447.3	NP_036579.2
NM_007315.3	NP_009330.1
NM_139266.2	NP_644671.1
NM_003150.3	NP_003141.2
NM_139276.2	NP_644805.1
NM_213662.1	NP_998827.1
NM_012448.3	NP_036580.2
NM_001178078.1	NP_001171549.1
NM_001178079.1	NP_001171550.1
NM_001178080.1	NP_001171551.1
NM_001178081.1	NP_001171552.1
NM_003153.4	NP_003144.3
NM_000455.4	NP_000446.1
NM_001145454.2	NP_001138926.1
NM_005563.3	NP_005554.1
NM_203399.1	NP_981944.1
NM_203401.1	NP_981946.1
NM_001178133.1	NP_001171604.1
NM_016169.3	NP_057253.2
NM_001135052.3	NP_001128524.1
NM_001174167.2	NP_001167638.1
NM_001174168.2	NP_001167639.1
NM_003177.6	NP_003168.2
NM_002353.2	NP_002344.2
NM_013254.3	NP_037386.1
NM_024665.4	NP_078941.2
NM_001321193.1	NP_001308122.1
NM_001321194.1	NP_001308123.1
NM_001321195.1	NP_001308124.1
NM_024665.5	NP_078941.2
NM_001270484.1	NP_001257413.1
NM_003181.3	NP_003172.1
NM_001366285.1	NP_001353214.1
NM_001366286.1	NP_001353215.1
NM_001077511.1	NP_001070979.1
NM_007109.2	NP_009040.2
NM_001318908.1	NP_001305837.1
NM_001136139.2	NP_001129611.1
NM_003200.3	NP_003191.1
NM_001136139.3	NP_001129611.1
NM_001351778.1	NP_001338707.1
NM_001351779.1	NP_001338708.1
NM_003200.4	NP_003191.1
NM_000459.4	NP_000450.2
NM_001290077.1	NP_001277006.1
NM_001290078.1	NP_001277007.1
NM_001193376.1	NP_001180305.1
NM_198253.2	NP_937983.2
NM_001193376.2	NP_001180305.1
NM_030625.2	NP_085128.2
NM_001127208.2	NP_001120680.1
NM_001063.3	NP_001054.1
NM_001354703.1	NP_001341632.1
NM_001354704.1	NP_001341633.1
NM_003223.2	NP_003214.1
NM_001167827.2	NP_001161299.2
NM_001271943.1	NP_001258872.1
NM_001271944.1	NP_001258873.1
NM_001271945.1	NP_001258874.1
NM_007162.2	NP_009093.1
NM_003226.3	NP_003217.3
NM_001099691.2	NP_001093161.1
NM_001308158.1	NP_001295087.1
NM_001308159.1	NP_001295088.1
NM_003236.3	NP_003227.1
NM_001195683.1	NP_001182612.1
NM_003243.4	NP_003234.2
NM_003247.3	NP_003238.2
NM_003247.4	NP_003238.2
NM_003254.2	NP_003245.1
NM_001284333.1	NP_001271262.1
NM_006852.3	NP_006843.2
NM_001330418.1	NP_001317347.1
NM_001284333.2	NP_001271262.1
NM_001330418.2	NP_001317347.1
NM_021109.3	NP_066932.1
NM_002160.3	NP_002151.2
NM_001270507.1	NP_001257436.1
NM_001270508.1	NP_001257437.1
NM_006290.3	NP_006281.1
NM_001297605.1	NP_001284534.1
NM_003820.3	NP_003811.2
NM_001192.2	NP_001183.2
NM_003286.2	NP_003277.1
NM_003286.3	NP_003277.1
NM_001067.3	NP_001058.2
NM_014729.2	NP_055544.1
NM_000546.5	NP_000537.3
NM_001126112.2	NP_001119584.1
NM_001126113.2	NP_001119585.1
NM_001126114.2	NP_001119586.1
NM_001126115.1	NP_001119587.1
NM_001126116.1	NP_001119588.1
NM_001126117.1	NP_001119589.1
NM_001126118.1	NP_001119590.1
NM_001276695.1	NP_001263624.1
NM_001276696.1	NP_001263625.1
NM_001276697.1	NP_001263626.1
NM_001276698.1	NP_001263627.1
NM_001276699.1	NP_001263628.1
NM_001276760.1	NP_001263689.1
NM_001276761.1	NP_001263690.1
NM_001276695.2	NP_001263624.1
NM_001276696.2	NP_001263625.1
NM_001276697.2	NP_001263626.1
NM_001276698.2	NP_001263627.1
NM_001276699.2	NP_001263628.1
NM_001276760.2	NP_001263689.1
NM_001276761.2	NP_001263690.1
NM_001141979.1	NP_001135451.1
NM_001141980.1	NP_001135452.1
NM_005657.2	NP_005648.1
NM_001141979.2	NP_001135451.1
NM_001141980.2	NP_001135452.1
NM_001355001.1	NP_001341930.1
NM_005657.3	NP_005648.1
NM_001286272.1	NP_001273201.1
NM_001286273.1	NP_001273202.1
NM_003295.3	NP_003286.1
NM_000368.4	NP_000359.1
NM_001162426.1	NP_001155898.1
NM_001162427.1	NP_001155899.1
NM_001362177.1	NP_001349106.1
NM_000548.3	NP_000539.2
NM_001077183.1	NP_001070651.1
NM_001114382.1	NP_001107854.1
NM_000548.4	NP_000539.2
NM_001077183.2	NP_001070651.1
NM_001114382.2	NP_001107854.1
NM_001318827.1	NP_001305756.1
NM_001318829.1	NP_001305758.1
NM_001318831.1	NP_001305760.1
NM_001318832.1	NP_001305761.1
NM_001363528.1	NP_001350457.1
NM_021055.2	NP_066399.2
NM_003309.3	NP_003300.1
NM_001205296.1	NP_001192225.1
NM_007344.3	NP_031370.2
NM_001197181.1	NP_001184110.1
NM_006086.3	NP_006077.2
NM_003331.4	NP_003322.3
NM_001071.2	NP_001062.1
NM_001071.3	NP_001062.1
NM_001354867.1	NP_001341796.1
NM_001354868.1	NP_001341797.1
NM_001025204.1	NP_001020375.1
NM_006758.2	NP_006749.1
NM_001282161.1	NP_001269090.1
NM_003336.3	NP_003327.2
NM_181762.2	NP_861427.1
NM_001282873.1	NP_001269802.1
NM_015902.5	NP_056986.2
NM_001076683.1	NP_001070151.1
NM_001076684.2	NP_001070152.1
NM_014233.3	NP_055048.1
NM_000463.2	NP_000454.1
NM_001286457.1	NP_001273386.1
NM_001286458.1	NP_001273387.1
NM_003470.2	NP_003461.2
NM_001321858.1	NP_001308787.1
NM_001025366.2	NP_001020537.2
NM_001025367.2	NP_001020538.2
NM_001025368.2	NP_001020539.2
NM_001025369.2	NP_001020540.2
NM_001025370.2	NP_001020541.2
NM_001033756.2	NP_001028928.1
NM_001171622.1	NP_001165093.1
NM_001171623.1	NP_001165094.1
NM_001171624.1	NP_001165095.1
NM_001171625.1	NP_001165096.1
NM_001171626.1	NP_001165097.1
NM_001171627.1	NP_001165098.1
NM_001171628.1	NP_001165099.1
NM_001171629.1	NP_001165100.1
NM_001171630.1	NP_001165101.1
NM_001204384.1	NP_001191313.1
NM_001204385.1	NP_001191314.1
NM_001287044.1	NP_001273973.1
NM_001317010.1	NP_001303939.1
NM_003376.5	NP_003367.4
NM_005429.4	NP_005420.1
NM_000551.3	NP_000542.1
NM_198156.2	NP_937799.1
NM_001354723.1	NP_001341652.1
NM_001145152.1	NP_001138624.1
NM_152415.2	NP_689628.2
NM_001363172.1	NP_001350101.1
NM_001363173.1	NP_001350102.1
NM_018256.3	NP_060726.3
NM_001143976.1	NP_001137448.1
NM_003390.3	NP_003381.1
NM_001184985.1	NP_001171914.1
NM_014823.2	NP_055638.2
NM_018979.3	NP_061852.3
NM_213655.4	NP_998820.3
NM_004626.2	NP_004617.2
NM_006522.3	NP_006513.1
NM_000378.4	NP_000369.3
NM_001198551.1	NP_001185480.1
NM_001198552.1	NP_001185481.1
NM_024424.3	NP_077742.2
NM_024426.4	NP_077744.3
NM_000378.5	NP_000369.4
NM_024424.4	NP_077742.3
NM_024426.5	NP_077744.4
NM_003400.3	NP_003391.1
NM_006297.2	NP_006288.2
NM_001100118.1	NP_001093588.1
NM_001100119.1	NP_001093589.1
NM_005432.3	NP_005423.1
NM_001130145.2	NP_001123617.1
NM_001195044.1	NP_001181973.1
NM_001195045.1	NP_001181974.1
NM_001282097.1	NP_001269026.1
NM_001282098.1	NP_001269027.1
NM_001282099.1	NP_001269028.1
NM_001282100.1	NP_001269029.1
NM_001282101.1	NP_001269030.1
NM_006106.4	NP_006097.2
NM_005433.3	NP_005424.1
NM_001128128.2	NP_001121600.1
NM_001174093.1	NP_001167564.1
NM_001174094.1	NP_001167565.1
NM_001174095.1	NP_001167566.1
NM_001174096.1	NP_001167567.1
NM_030751.5	NP_110378.3
NM_001323638.1	NP_001310567.1
NM_001323641.1	NP_001310570.1
NM_001323642.1	NP_001310571.1
NM_001323643.1	NP_001310572.1
NM_001323644.1	NP_001310573.1
NM_001323645.1	NP_001310574.1
NM_001323646.1	NP_001310575.1
NM_001323647.1	NP_001310576.1
NM_001323648.1	NP_001310577.1
NM_001323649.1	NP_001310578.1
NM_001323650.1	NP_001310579.1
NM_001323651.1	NP_001310580.1
NM_001323652.1	NP_001310581.1
NM_001323653.1	NP_001310582.1
NM_001323654.1	NP_001310583.1
NM_001323655.1	NP_001310584.1
NM_001323656.1	NP_001310585.1
NM_001323657.1	NP_001310586.1
NM_001323658.1	NP_001310587.1
NM_001323659.1	NP_001310588.1
NM_001323660.1	NP_001310589.1
NM_001323661.1	NP_001310590.1
NM_001323662.1	NP_001310591.1
NM_001323663.1	NP_001310592.1
NM_001323664.1	NP_001310593.1
NM_001323665.1	NP_001310594.1
NM_001323666.1	NP_001310595.1
NM_001323671.1	NP_001310600.1
NM_001323672.1	NP_001310601.1
NM_001323673.1	NP_001310602.1
NM_001323674.1	NP_001310603.1
NM_001323675.1	NP_001310604.1
NM_001323676.1	NP_001310605.1
NM_001323677.1	NP_001310606.1
NM_001323678.1	NP_001310607.1
NM_001244698.1	NP_001231627.1
NM_004926.3	NP_004917.2
NM_014943.3	NP_055758.1
NM_001362797.1	NP_001349726.1
NM_014943.4	NP_055758.1
NM_006526.2	NP_006517.1
NM_015021.1	NP_055836.1
NM_001351444.1	NP_001338373.1
NM_015021.2	NP_055836.1
NM_025069.2	NP_079345.1
NM_005089.3	NP_005080.1
